Top pages,Impressions
https://www.finalnotes.page/what-not-to-include-in-an-obituary/,16
https://www.finalnotes.page/how-to-submit-an-obituary-to-a-newspaper/,14
https://www.finalnotes.page/memorial-donation-wording-obituary/,7
https://www.finalnotes.page/obituary-cost/,5
https://www.finalnotes.page/fake-obituary-sites/,2
https://www.finalnotes.page/,1
https://www.finalnotes.page/obituary-lesson-plan/,1
https://www.finalnotes.page/obituary-mistakes-to-avoid/,1
https://www.finalnotes.page/obituary-vs-death-notice/,1
https://www.finalnotes.page/obituary-vs-eulogy/,1
https://www.finalnotes.page/obituary-writing-prompts/,1