Date,Clicks,Impressions,CTR,Position
2026-09-01,1,22,4.55%,15.2
2026-09-02,1,29,3.45%,17
2026-09-03,1,38,2.63%,12.8
2026-09-04,0,29,0%,8.1
2026-09-05,0,37,0%,12
2026-09-06,0,29,0%,9.2
2026-09-07,3,32,9.38%,10.8
2026-09-08,1,38,2.63%,12.8
2026-09-09,0,57,0%,10.9
2026-09-10,1,32,3.12%,8.8
2026-09-11,1,22,4.55%,10
2026-09-12,0,11,0%,10.2
2026-09-13,0,34,0%,6
2026-09-14,1,42,2.38%,7.6
2026-09-15,1,36,2.78%,10.3
2026-09-16,0,18,0%,9.8
2026-09-17,0,18,0%,7.7
2026-09-18,0,22,0%,8.3
2026-09-19,0,15,0%,8.4
2026-09-20,0,8,0%,8.2
2026-09-21,0,13,0%,7.8
2026-09-22,1,14,7.14%,7
2026-09-23,3,26,11.54%,6.1
2026-09-24,0,41,0%,6.8
2026-09-25,1,80,1.25%,6.4
2026-09-26,0,66,0%,6.8
2026-09-27,0,58,0%,7.5
2026-09-28,2,24,8.33%,7.9