Country,Clicks,Impressions,CTR,Position
United States,13,627,2.07%,8.97
Canada,2,35,5.71%,8.26
Philippines,2,10,20%,5.9
Guam,1,1,100%,2
United Kingdom,0,39,0%,10.64
Brazil,0,19,0%,9
India,0,10,0%,4.3
Bangladesh,0,8,0%,4
Indonesia,0,8,0%,17.25
Australia,0,8,0%,29.5
Netherlands,0,6,0%,5.83
Argentina,0,6,0%,13.17
Spain,0,6,0%,21.67
Germany,0,5,0%,6.4
France,0,4,0%,7.25
Italy,0,4,0%,43.75
China,0,3,0%,1
Hong Kong,0,3,0%,2.33
Thailand,0,3,0%,5.67
United Arab Emirates,0,3,0%,6.33
Pakistan,0,3,0%,7.33
South Africa,0,3,0%,9.33
Uzbekistan,0,2,0%,4
Vietnam,0,2,0%,4.5
Kosovo,0,2,0%,4.5
Nigeria,0,2,0%,5
Paraguay,0,2,0%,5.5
Dominican Republic,0,2,0%,6
Mexico,0,2,0%,6
Myanmar (Burma),0,2,0%,6
Sweden,0,2,0%,6
Portugal,0,2,0%,6.5
Kenya,0,2,0%,7
Bahrain,0,2,0%,7.5
Trinidad & Tobago,0,2,0%,7.5
Denmark,0,2,0%,8
Romania,0,2,0%,8
Austria,0,2,0%,8.5
Bahamas,0,2,0%,8.5
Chile,0,2,0%,8.5
Nepal,0,2,0%,8.5
Russia,0,2,0%,8.5
Greece,0,2,0%,9.5
Lithuania,0,2,0%,9.5
Madagascar,0,2,0%,11
Malaysia,0,1,0%,1
Kazakhstan,0,1,0%,2
Cambodia,0,1,0%,2
Slovenia,0,1,0%,2
Japan,0,1,0%,4
Moldova,0,1,0%,4
Martinique,0,1,0%,4
Colombia,0,1,0%,5
Nicaragua,0,1,0%,5
Peru,0,1,0%,5
Tanzania,0,1,0%,5
Ukraine,0,1,0%,5
Uruguay,0,1,0%,5
Azerbaijan,0,1,0%,6
Bosnia & Herzegovina,0,1,0%,6
Norway,0,1,0%,6
Turkey,0,1,0%,6
Switzerland,0,1,0%,7
Dominica,0,1,0%,7
Ireland,0,1,0%,7
Palestine,0,1,0%,7
Bulgaria,0,1,0%,8
Jersey,0,1,0%,8
Saudi Arabia,0,1,0%,8
Cyprus,0,1,0%,9
Israel,0,1,0%,9
Armenia,0,1,0%,10
Ecuador,0,1,0%,10
Jamaica,0,1,0%,11
Singapore,0,1,0%,12
Belgium,0,1,0%,30