Top queries,Clicks,Impressions,CTR,Position
donation in memory of wording,0,6,0%,30
+britannica hedy lamarr inventor frequency hopping,0,4,0%,7.25
randy pausch cmu,0,4,0%,49.25
obituary cartoon,0,3,0%,36.67
professor randy pausch,0,3,0%,68.33
dorothea lange birth and death,0,2,0%,6
what are typical deadlines for submitting obituaries to daily newspapers,0,2,0%,6
fake obituary sites,0,2,0%,9
what not to put in an obituary,0,2,0%,10.5
what should you not include in an obituary,0,2,0%,11
"""source trail"" ""funeral home"" obituary",0,1,0%,1
memento mori comic,0,1,0%,1
obituary,0,1,0%,2
anna akhmatova birth date poetry foundation,0,1,0%,3
britannica beethoven deafness continued to compose,0,1,0%,3
what information is needed to write an obituary,0,1,0%,3
"what are the rules for what can be included in an obituary regarding 
sensitive information",0,1,0%,4
beethoven hearing loss began 1798 heiligenstadt testament 1802 source,0,1,0%,5
fake obituary website,0,1,0%,7
+britannica hedy lamarr inventor frequency hopping george antheil,0,1,0%,8
fake obituary,0,1,0%,9
ryan white obituary 1990,0,1,0%,9
%britannica freddie mercury died 1991,0,1,0%,10
matisse illness,0,1,0%,10
"i would like to make a memorial donation through direct mail to a 
children's cancer charity; can you provide instructions",0,1,0%,11
what not to put in obituary,0,1,0%,11
words for donation in memory of,0,1,0%,33
how do you put an obituary in the paper,0,1,0%,36
randy pouch,0,1,0%,50
the diaries of victor klemperer,0,1,0%,50
death of monet,0,1,0%,53
monet's death,0,1,0%,53
klemperer victor,0,1,0%,63
victor klemperer,0,1,0%,64
randy pausch,0,1,0%,69
randy pausch professor,0,1,0%,69
who was randy pausch,0,1,0%,71
randy pausch died,0,1,0%,72
randy pausch last photo,0,1,0%,74
randy pausch family today,0,1,0%,77
randy pausch death,0,1,0%,78
pausch,0,1,0%,83